女主人亲自打造暖意小家(图)	2
08年安徽成人高考11月1起可查询成绩	3
2OO8年上海市成人高校招生工作规定	3
德拉吉获欧洲央行行长正式提名 鹰派立场利好欧元	8
《杀出重围3》将会有三个难度等级	5
台当局研议提高大陆赴台旅游人数日上限	4
日央行行长反对直接购买日本国债	8
周永康强调国庆安保重点防恐怖袭击及踩踏	4
简介：Moscow Lomonosov State University	3
哈里斯微博呼唤上海主场人气 对上轮负广厦说抱歉	0
荷兰试管婴儿激增 每39名新生儿就有1名	7
时代周刊2008十大医学突破揭晓(组图)	7
《掌魔》好友PK 赢话费大奖	5
无业女子非法集资4000多万无力偿还后自首	6
赌油价将上100美元 NYMEX看涨期权骤增10%	8
宝贝玩家一天一点思念 一夜一点爱恋	5
组图：林依晨拍卖单车约会 示范亲密互动桥段	1
拆借盛行地下高利贷10倍于银行利率	9
首批留学生：取到影响一生“真经”(图)	3
二重重装：核电装备有望成增长点	8
华商基金2009年业绩规模双增长	9
营销淡季建材四大炒作 看企业如何突围	2
中方要求有关国家停止资助东突等分裂势力	4
砖石墙面使客厅有一种粗犷的质感(图)	2
720P高清视频拍摄 松下FZ35仅售2550	7
清洁工不满解聘补偿款放火烧伤2人	6
人与神一线间只剩英雄泪 罗伊有心谁来出力成全？	0
物美价廉防抖卡片机 卡西欧Z29仅售820	7
东亚银行短信门涉嫌散播者被法院提堂审讯	9
吊足胃口王亚伟金字招牌登场	9
1200W入门相机！索尼W210仅售1230元	7
男子为拜佛不择手段 家中半数神像为偷盗	6
80后女儿网上晒简历替父亲找工作	6
华人2100万现金买下杰克逊豪宅(组图)	3
美新型感应机器可研读人脑电波转化成图像(图)	7
魔兽18+17魔术力退雄鹿 森林狼负篮网惨遭11连败	0
儿子要钱不成一拳打死父亲被判7年	6
欧英央行会议后美元汇率承压	8
《玄境OL》装备系统 有碘意思	5
英摄影师捕捉鸟儿沐浴瞬间(组图)	7
央行：全国银行今年分批清查匿名假名账户	9
柜台涨价电子银行降价 银行悄然转战网银市场	9
戒网瘾夏令营：让青少年“E路阳光”	5
德央行行长反对重启资产购置计划	8
传奇给湖人泼冷水禅师意外力挺我们确实有些问题	0
《霸王》内测时间延长尽享PK快感	5
中学生留学导航：中澳高中学制对比	3
贾米森手术成功赛季基本报销 羸弱骑士竟屡遭重创	0
毕比效率值创NBA历史新低 斯帅需要他打出侵略性	0
湖人教父炮轰禅师：他不愿和我共事 比莱利差远了	0
住建部调研市政公用行业吸引民间资本进入	4
《返老还童》遭起诉 故事来源于意大利？(图)	1
佛山陶瓷又遭反倾销 仍未走出低价竞争？	2
16日发售《命令与征服4》将迎来结局	5
民间作坊冲击品牌橱柜市场 质量 服务有隐忧	2
贪官与名画：清明上河图曾被明代严嵩收藏	9
14倍光学变焦镜头 佳能SX210仅售2599元	7
欧人地板2010年新春联谊会发布三年品牌计划	2
&nbsp;时尚前卫展谱写中宇华丽篇章	2
中国宅男在日本体验女招待跪式服务(组图)	3
日股全日跌67.88点或0.7%	8
全画幅单反相机 尼康D700单机售价15800	7
专业级单反相机 佳能7D单机售价9500元	7
美国母女因游乐场器械故障被悬吊在10米高空	6
瑞士央行副行长：临时捆绑欧元瑞郎汇率合法	8
牙买加总理抵达北京开始首次访华	4
荷兰财长对卖空禁令提出质疑	8
《古剑奇谭》周年纪念版手办即将揭晓	5
海协会和海基会第四次会谈12月将在台中举行	4
杨澜在帐篷 一幅难以想像的画面(图)	2
男子照料尿毒症妻子两年后出走(图)	6
配置周期性行业基金涨幅居前	9
青海省2011年成人高考报名8月10日启动	3
南京大学2009年自主招生考试元旦期间举行	3
地球与月球形成时间比以前认为的更晚(图)	7
混沌星辰《混沌乐团3》即将发布	5
中介正规否 看它有没俩手续	3
银行系基金新军崭露头角	9
期待QDII二次出海带来好业绩	9
法国科学家在实验室中意外感染炭疽病菌	7
周星驰：好莱坞不听我意见 不评论《龙珠》(图)	1
杨树鹏回应“抄袭门” 称《麦田》血统高贵	1
工人干活不慎落下被拇指粗钢筋贯穿胳膊(图)	6
200万火箭炮两球惊掉你下巴 他若罚球线扣篮别稀罕	0
私募加仓依旧看多 看好地产股成近期一致思路	9
中端人气机！佳能50D 18-200套10100	7
纽约握B计划谨防追甜瓜失败 两大猎物火箭也想抢	0
星辰变客户端下载今开启 将于5月开测	5
火箭三连败更想念休城领袖 无姚明这两周可怎么过	0
网友为各地女子长相评分 四川姑娘居首(图)	6
4只基金进入第一方阵	9
大鲨鱼找到退役后首份工作 牵手巴克利成为评论员	0
《天域OL》欢度八一 体验光荣	5
《宅男总动员》上海宣传 四月一日全国上映(图)	1
台湾对大陆出口衰退近38.8% 创历史最大减幅	4
德拉吉新官上任三把火 欧洲央行现重大政策调整	8
专业级单反相机 尼康D300S最新价9400元	7
南航招飞分自费公费 高中生考不上公费可报自费	3
东亚银行：逐步达成目标	8
麦蒂街球赛经典动作引欢呼 火箭旧将：他潇洒依旧	0